Vargula_hilgendorfii_AAA30332,-,-,-,-,-,-,-,-,-,-,-,-,-,-,-,-,-,-,-,-,-,-,M,K,I,I,I,L,S,V,I,L,A,Y,C,V,T,D,N,C,Q,D,A,C,P,V,E,A,E,P,P,S,S,T,P,T,V,P,T,S,C,E,A,K,E,G,E,C,I,D,T,R,C,A,T,C,K,R,D,I,L,S,D,G,L,C,E,N,K,P,G,K,T,-,-,C,C,R,M,C,Q,Y,V,I,E,C,R,V,E,A,A,G,Y,F,R,T,F,Y,G,K,R,F,N,F,Q,E,P,G,K,Y,V,L,A,R,G,T,K,G,G,D,W,S,V,T,L,T,M,E,N,L,D,G,Q,K,G,A,V,L,T,K,T,T,L,E,V,A,G,D,V,-,I,D,I,T,Q,A,T,A,D,P,I,T,V,N,G,G,A,D,P,V,I,A,N,P,F,T,I,G,E,V,T,I,A,V,V,E,I,P,G,F,N,I,T,V,I,E,F,F,K,L,I,V,I,D,I,L,G,G,R,S,V,R,I,A,P,D,T,A,N,K,G,L,I,S,G,I,C,G,N,L,E,M,N,D,A,D,D,F,T,T,D,A,D,Q,L,A,I,Q,P,N,I,N,K,E,F,D,G,C,P,F,Y,G,N,P,S,D,I,E,Y,C,K,G,L,M,E,P,Y,R,A,V,C,R,N,-,-,N,I,N,F,Y,Y,Y,T,L,S,C,A,F,A,Y,C,M,G,G,E,E,R,A,K,H,V,L,F,D,Y,V,E,T,C,A,A,P,E,T,R,G,T,C,V,L,S,G,H,T,F,Y,D,T,F,D,K,A,R,Y,Q,F,Q,G,P,C,K,E,I,L,M,A,A,D,C,Y,W,N,T,W,D,V,K,V,S,H,R,D,V,E,S,Y,T,E,V,E,K,V,T,I,R,K,Q,S,T,V,V,D,L,I,V,D,G,K,Q,V,K,V,G,G,V,D,V,S,I,P,Y,S,S,E,N,T,S,I,Y,W,Q,D,G,D,I,L,T,T,A,I,L,P,E,A,L,V,V,K,F,N,F,K,Q,L,L,V,V,H,I,R,D,P,F,D,-,G,K,T,C,G,I,C,G,N,Y,N,Q,D,S,T,D,D,F,F,D,A,E,G,A,-,C,A,L,T,P,N,P,P,G,C,T,E,E,Q,K,P,E,A,E,R,L,C,N,N,L,F,-,-,D,S,S,I,D,E,K,C,N,V,C,Y,K,P,D,R,I,A,R,C,M,Y,E,Y,C,L,R,G,Q,Q,G,F,C,D,H,A,W,E,F,K,K,E,C,Y,I,K,H,G,D,T,L,E,V,P,P,E,C,Q,-
Cypridina_noctiluca_BAD08210,-,-,-,-,-,-,-,-,-,-,-,-,-,-,-,-,-,-,-,-,-,-,M,K,T,L,I,L,A,V,A,L,V,Y,C,A,T,V,H,C,Q,D,-,C,P,Y,E,P,D,P,P,N,-,-,-,T,V,P,T,S,C,E,A,K,E,G,E,C,I,D,S,S,C,G,T,C,T,R,D,I,L,S,D,G,L,C,E,N,K,P,G,K,T,-,-,C,C,R,M,C,Q,Y,V,I,E,C,R,V,E,A,A,G,W,F,R,T,F,Y,G,K,R,F,Q,F,Q,E,P,G,T,Y,V,L,G,Q,G,T,K,G,G,D,W,K,V,S,I,T,L,E,N,L,D,G,T,K,G,A,V,L,T,K,T,R,L,E,V,A,G,D,I,-,I,D,I,A,Q,A,T,E,N,P,I,T,V,N,G,G,A,D,P,I,I,A,N,P,Y,T,I,G,E,V,T,I,A,V,V,E,M,P,G,F,N,I,T,V,I,E,F,F,K,L,I,V,I,D,I,L,G,G,R,S,V,R,I,A,P,D,T,A,N,K,G,M,I,S,G,L,C,G,D,L,K,M,M,E,D,T,D,F,T,S,D,P,E,Q,L,A,I,Q,P,K,I,N,Q,E,F,D,G,C,P,L,Y,G,N,P,D,D,V,A,Y,C,K,G,L,L,E,P,Y,K,D,S,C,R,N,-,-,P,I,N,F,Y,Y,Y,T,I,S,C,A,F,A,R,C,M,G,G,D,E,R,A,S,H,V,L,L,D,Y,R,E,T,C,A,A,P,E,T,R,G,T,C,V,L,S,G,H,T,F,Y,D,T,F,D,K,A,R,Y,Q,F,Q,G,P,C,K,E,I,L,M,A,A,D,C,F,W,N,T,W,D,V,K,V,S,H,R,N,V,D,S,Y,T,E,V,E,K,V,R,I,R,K,Q,S,T,V,V,E,L,I,V,D,G,K,Q,I,L,V,G,G,E,A,V,S,I,P,Y,S,S,Q,N,T,S,I,Y,W,Q,D,G,D,I,L,T,T,A,I,L,P,E,A,L,V,V,K,F,N,F,K,Q,L,L,V,V,H,I,R,D,P,F,D,-,G,K,T,C,G,I,C,G,N,Y,N,Q,D,F,S,D,D,S,F,D,A,E,G,A,-,C,D,L,T,P,N,P,P,G,C,T,E,E,Q,K,P,E,A,E,R,L,C,N,S,L,F,A,G,Q,S,D,L,D,Q,K,C,N,V,C,H,K,P,D,R,V,E,R,C,M,Y,E,Y,C,L,R,G,Q,Q,G,F,C,D,H,A,W,E,F,K,K,E,C,Y,I,K,H,G,D,T,L,E,V,P,D,E,C,K,-
Kornickeria_hastingsi_sequenced,-,-,-,-,-,-,-,-,-,-,-,-,-,-,-,-,-,-,-,-,-,-,-,-,-,-,-,-,-,-,-,-,-,-,-,-,-,K,D,C,F,E,S,S,F,H,S,L,E,-,-,-,-,-,-,-,F,P,S,S,C,E,A,Q,N,G,I,C,I,D,S,E,C,K,D,C,N,E,V,M,F,G,D,G,L,C,E,N,A,G,G,A,S,P,K,C,C,R,D,C,P,E,I,V,R,C,R,A,S,A,A,G,F,F,T,T,F,Y,G,K,K,F,N,L,Q,E,P,G,T,Y,L,L,S,E,D,C,V,G,G,L,W,S,L,Y,V,T,L,V,N,I,A,G,E,K,G,A,V,L,G,S,V,K,M,-,I,V,G,E,V,T,V,D,I,V,Q,K,G,G,-,P,V,T,V,N,G,G,S,V,A,I,D,S,N,P,F,S,I,G,D,V,T,I,A,I,V,H,T,P,N,F,D,V,A,V,I,E,F,L,K,L,V,T,F,D,I,I,H,G,R,A,F,R,L,A,P,D,F,L,Y,R,D,R,T,C,G,L,C,G,-,V,M,S,N,E,P,T,D,F,I,D,N,P,D,Q,L,A,V,Q,D,K,I,N,K,D,I,D,G,C,P,L,S,G,N,P,S,D,V,E,Y,C,K,N,K,M,Q,P,Y,K,V,A,C,I,N,Y,N,D,V,N,F,A,T,Y,L,Y,S,C,A,L,A,Y,C,M,G,G,E,D,R,V,E,D,V,I,F,D,Y,V,E,A,C,V,E,P,I,T,R,A,T,C,V,M,N,G,H,T,Y,Y,D,T,F,D,K,T,S,Y,Q,F,Q,A,P,C,K,-,V,L,F,A,K,D,C,A,G,D,E,W,E,V,T,I,T,H,K,A,A,G,T,Y,T,E,V,E,K,V,T,V,R,Y,F,Q,T,L,I,D,L,I,S,E,G,K,Q,V,L,V,N,G,T,E,V,S,V,P,Y,N,K,G,D,T,S,I,Y,M,Y,D,-,N,L,I,T,T,A,V,L,P,G,A,V,V,V,K,Y,N,F,E,Q,M,L,A,L,H,I,R,D,P,Y,E,-,R,R,S,C,G,L,C,G,I,W,D,L,D,K,S,N,D,G,P,D,N,Q,Y,V,D,C,E,P,T,P,N,P,A,T,C,T,A,D,Q,E,A,E,A,R,E,L,C,Q,N,M,F,-,-,P,A,S,L,D,D,E,C,D,I,C,Y,K,S,D,R,V,E,R,C,M,Y,E,Y,C,L,G,G,M,D,Y,F,C,K,H,A,G,T,V,I,D,E,C,F,V,R,H,G,D,D,L,Q,L,P,P,Q,C,T,K
Maristella_chicoi_sequenced,-,-,-,-,-,-,-,-,-,-,-,-,-,-,-,-,-,-,-,-,-,-,-,-,-,-,-,-,-,-,-,-,-,-,-,-,-,E,D,C,Y,E,F,T,W,A,S,N,D,-,-,-,-,-,-,-,Y,P,S,S,C,E,A,I,N,G,R,C,V,D,S,A,C,G,S,C,D,Q,V,L,F,G,E,G,L,C,E,N,A,G,G,A,S,P,K,C,C,R,D,C,P,E,I,V,R,C,R,A,S,A,A,G,F,F,H,T,F,Y,G,Q,R,F,N,L,Q,V,P,G,T,Y,L,L,S,E,D,C,V,G,G,L,W,S,L,Y,V,N,L,A,N,V,E,R,E,K,G,A,V,L,D,S,V,K,M,-,V,V,G,D,V,T,L,D,I,K,Q,K,V,G,-,S,I,T,V,N,G,G,T,V,D,I,D,S,N,P,F,S,I,G,D,V,T,I,A,I,V,H,T,P,Y,F,D,V,S,V,I,E,F,L,K,L,V,T,F,N,I,L,Q,G,R,A,F,R,L,A,P,D,F,L,Y,A,D,R,T,C,G,L,C,G,-,V,M,S,D,E,P,S,D,F,I,D,N,P,D,Q,L,A,I,Q,D,L,M,N,Q,D,V,E,G,C,P,L,S,G,N,P,S,D,I,E,Y,C,V,N,K,M,Q,P,Y,K,D,G,C,I,N,K,N,D,V,H,F,G,T,Y,L,Y,A,C,A,L,A,Y,C,M,G,G,D,D,R,V,E,D,V,I,F,E,Y,A,E,A,C,V,E,P,I,G,R,A,T,C,V,M,N,G,H,T,Y,Y,D,T,F,D,K,T,S,Y,Q,F,Q,A,P,C,K,-,V,L,F,A,K,D,C,T,D,D,D,W,E,V,T,I,T,H,K,A,A,G,E,Y,T,E,V,E,K,V,T,V,R,Y,F,Q,T,L,I,D,L,I,A,E,S,K,K,V,F,V,N,G,T,E,V,S,V,P,Y,N,Y,G,D,T,S,I,Y,M,Y,D,-,N,L,I,T,T,A,V,L,P,G,A,V,V,V,K,Y,N,F,A,Q,M,L,A,L,H,I,R,D,P,Y,E,-,A,D,S,C,G,L,C,G,I,W,D,L,D,K,S,N,D,G,P,D,T,Q,Y,V,D,C,E,P,T,P,N,P,P,T,C,T,A,D,K,E,A,E,A,R,E,L,C,Q,N,M,F,-,-,P,A,S,I,D,D,E,C,D,I,C,Y,K,A,D,R,V,E,R,C,M,Y,E,Y,C,L,G,G,L,E,G,F,R,Q,H,A,G,T,V,I,D,E,C,F,V,R,H,G,D,D,L,Q,Y,P,P,Q,C,K,-
Photeros_morini_sequenced,-,-,-,-,-,-,-,-,-,-,-,-,-,-,-,-,-,-,-,-,-,-,-,-,-,-,-,-,-,-,-,-,-,-,-,-,-,Q,E,C,A,Q,T,S,L,T,S,L,D,-,-,-,-,-,-,S,A,P,S,S,C,E,A,Q,K,G,V,C,K,D,P,S,C,S,G,C,D,K,A,L,Y,G,D,D,M,C,E,N,S,G,V,A,N,A,K,C,C,R,D,C,P,A,V,V,K,C,R,A,A,G,A,G,Y,F,T,T,F,Y,G,K,R,F,N,F,Q,V,P,G,K,Y,L,L,S,E,D,C,V,G,G,L,W,S,L,Y,V,N,L,A,P,I,E,G,Q,K,G,A,A,L,E,S,V,N,M,-,I,F,G,D,V,T,I,D,I,T,Q,K,G,G,-,P,I,V,V,N,K,G,D,V,Q,I,D,S,N,P,L,S,I,G,D,V,T,I,A,I,V,T,P,P,F,S,K,V,S,V,I,E,F,L,R,I,V,T,F,D,I,I,S,G,R,A,F,R,L,A,P,D,F,Y,Y,R,D,R,T,C,G,L,C,G,-,L,M,T,T,E,A,S,D,F,V,N,C,P,D,Q,L,S,I,K,D,Q,I,D,Q,D,V,E,G,C,P,L,S,G,N,P,S,D,V,E,Y,C,T,K,Y,L,K,P,H,Q,D,N,C,K,N,G,D,A,I,H,F,A,T,Y,V,Y,A,C,A,L,A,Y,C,M,G,G,D,D,R,A,E,D,V,A,M,D,Y,Q,E,A,C,V,D,P,I,G,R,G,T,C,V,M,S,G,H,T,F,Y,D,T,F,D,K,T,S,F,Q,Y,Q,T,P,C,R,-,V,Q,F,S,K,D,C,V,G,D,D,W,E,V,S,I,T,Y,K,P,K,A,D,Y,T,V,V,D,K,V,T,V,R,Y,F,A,T,L,I,D,L,I,P,E,G,R,Q,V,L,V,N,G,S,A,V,S,V,P,F,N,Y,A,D,T,S,I,Y,M,Y,E,-,N,L,I,T,T,A,V,L,P,G,A,V,V,V,K,Y,N,F,D,Q,M,L,A,L,H,I,R,D,P,Y,E,N,G,R,A,C,G,L,C,G,L,W,D,L,D,N,T,N,D,E,P,Q,R,Q,Y,S,E,C,D,P,T,P,S,P,P,H,C,S,A,E,K,E,A,E,A,R,D,L,C,A,N,M,F,-,-,P,A,N,L,D,D,V,C,N,I,C,Y,N,A,D,R,M,K,R,C,M,Y,E,Y,C,L,N,G,M,E,G,I,C,Q,H,A,N,S,I,L,D,E,C,F,V,R,H,G,D,D,Y,K,V,P,A,I,C,Q,-
Maristella_sp_SVD_sequenced,-,-,-,-,-,-,-,-,-,-,-,-,-,-,-,-,-,-,-,-,-,-,-,-,-,-,-,-,-,-,-,-,-,-,-,-,-,-,-,-,Y,E,F,T,W,A,S,N,D,-,-,-,-,-,-,-,Y,P,S,S,C,E,A,I,N,G,R,C,V,D,S,A,C,G,S,C,D,Q,V,L,F,G,D,G,L,C,E,N,A,G,G,A,S,P,K,C,C,R,D,C,P,E,I,V,R,C,R,A,S,A,A,G,F,F,H,T,F,Y,G,Q,R,F,N,L,Q,V,P,G,T,Y,L,L,S,E,D,C,V,G,G,L,W,S,L,Y,V,N,L,A,N,V,E,G,E,K,G,A,V,L,D,S,V,K,M,-,V,V,G,D,V,T,L,D,I,K,Q,K,V,A,-,S,I,T,V,N,G,G,T,V,D,I,D,S,N,P,F,S,I,G,D,V,T,I,A,I,V,H,T,P,F,F,D,V,S,V,I,E,F,L,K,L,V,T,F,D,I,L,Q,G,R,A,F,R,L,A,P,D,F,L,Y,A,D,R,T,C,G,L,C,G,-,L,M,S,D,E,P,S,D,F,I,D,N,P,D,Q,L,A,I,Q,D,L,M,N,Q,D,V,E,G,C,P,L,S,G,N,P,S,D,I,E,Y,C,V,N,K,M,Q,P,Y,K,D,G,C,I,N,K,N,D,V,H,F,G,T,Y,L,Y,A,C,A,L,A,Y,C,M,G,G,D,D,R,V,E,D,V,I,F,E,Y,A,E,A,C,V,E,P,I,G,R,A,T,C,V,M,N,G,H,T,Y,Y,D,T,F,D,K,T,S,Y,Q,F,Q,A,P,C,K,-,V,L,F,A,K,D,C,T,D,D,D,W,E,V,T,I,V,H,K,A,A,G,E,Y,T,E,V,E,K,V,T,V,R,Y,F,Q,T,L,I,D,L,V,A,E,N,K,K,V,F,V,N,R,T,E,V,S,V,P,Y,N,Y,G,D,T,S,I,Y,M,Y,D,-,N,L,I,T,T,A,V,L,P,G,A,V,V,V,K,Y,N,F,A,Q,M,L,A,L,H,I,R,D,P,Y,E,-,A,D,S,C,G,L,C,G,I,W,D,L,D,K,S,N,D,G,P,D,T,Q,Y,V,D,C,E,P,T,P,N,P,P,T,C,T,A,D,K,E,A,E,A,R,E,L,C,Q,N,M,F,-,-,P,A,S,I,D,D,E,C,D,I,C,Y,K,A,D,R,V,E,R,C,M,Y,E,Y,C,L,G,G,L,E,G,F,C,Q,H,A,G,T,V,I,D,E,C,F,V,R,H,G,D,D,L,Q,Y,P,P,Q,C,K,-
Maristella_sp_SVU_sequenced,-,-,-,-,-,-,-,-,-,-,-,-,-,-,-,-,-,-,-,-,-,-,-,-,-,-,-,-,-,-,-,-,-,-,-,-,-,Q,D,C,Y,E,F,T,W,A,S,N,D,-,-,-,-,-,-,-,F,P,S,S,C,E,A,I,N,G,R,C,V,D,S,A,C,G,S,C,D,E,V,L,F,G,D,G,L,C,E,N,A,G,G,A,S,P,K,C,C,R,D,C,P,E,I,V,R,C,R,A,S,A,A,G,F,F,H,T,F,Y,G,Q,R,F,N,L,Q,V,P,G,T,Y,L,L,S,E,D,C,V,G,G,L,W,S,L,Y,V,N,L,A,N,I,E,G,E,K,G,A,V,L,D,S,V,K,M,-,V,V,G,D,V,T,L,D,I,K,Q,K,V,G,-,S,I,T,V,N,G,G,S,V,E,I,D,S,N,P,F,S,I,G,D,V,T,I,A,V,V,Y,T,P,Y,F,S,V,S,V,I,E,F,L,K,L,V,T,F,D,I,L,Q,G,R,A,F,R,L,A,P,D,F,L,Y,A,D,R,T,C,G,L,C,G,-,L,M,S,D,E,P,S,D,F,I,D,D,P,D,Q,L,A,I,Q,D,I,M,N,Q,D,V,E,G,C,P,L,S,G,N,P,S,D,A,E,Y,C,L,N,K,M,Q,P,Y,K,D,G,C,I,N,K,N,D,V,H,F,G,T,Y,L,Y,A,C,A,L,A,Y,C,M,G,G,D,D,R,V,E,D,V,I,F,E,Y,A,E,A,C,V,E,P,I,G,R,A,T,C,V,M,N,G,H,T,Y,Y,D,T,F,D,K,S,S,Y,Q,F,Q,A,P,C,K,-,V,L,F,A,K,D,C,T,D,D,E,W,E,V,T,I,T,H,K,E,A,G,E,Y,T,E,V,E,K,V,T,V,R,Y,F,Q,T,L,I,D,L,V,A,E,N,K,K,V,F,V,N,G,T,E,V,S,V,P,Y,N,Y,G,D,T,S,I,Y,M,Y,D,-,N,L,V,T,T,A,V,L,P,G,A,V,V,V,K,Y,N,F,E,Q,M,L,A,L,H,I,R,D,P,Y,E,-,A,D,S,C,G,L,C,G,I,W,D,L,D,K,S,N,D,G,P,D,A,Q,H,A,D,C,E,P,T,P,N,P,P,T,C,T,A,D,K,E,A,E,A,R,E,L,C,Q,N,M,F,-,-,P,A,S,I,D,D,K,C,N,I,C,Y,K,A,D,R,V,E,R,C,M,Y,E,Y,C,L,G,G,L,E,A,F,C,Q,H,A,G,T,V,I,D,E,C,F,V,R,H,G,D,D,L,Q,Y,P,P,Q,C,K,-
Vargula_tsujii_sequenced,-,-,-,-,-,-,-,-,-,-,-,-,-,-,-,-,-,-,-,-,-,-,-,-,-,-,-,-,-,-,-,-,-,-,-,-,-,Q,D,C,Y,E,S,T,W,A,S,N,D,-,-,-,-,-,-,-,Y,P,S,S,C,E,A,L,N,G,R,C,V,D,S,A,C,G,S,C,D,E,V,L,F,G,D,G,L,C,E,N,A,G,G,A,S,P,K,C,C,R,D,C,P,E,I,V,R,C,R,V,S,A,A,G,Y,F,Q,T,F,Y,G,Q,R,F,N,L,Q,V,P,G,T,Y,L,L,S,E,D,C,V,G,G,L,W,S,L,Y,V,N,L,A,N,I,E,G,E,K,G,A,V,L,D,S,V,K,M,-,V,V,G,D,V,T,V,D,I,K,Q,K,V,G,-,A,V,T,V,N,G,G,S,V,E,I,D,S,N,P,F,S,I,G,D,V,T,I,A,I,V,H,T,P,N,F,D,V,S,V,I,E,F,L,K,L,V,T,F,D,I,L,Q,G,R,A,F,R,L,A,P,D,F,L,Y,A,D,R,T,C,G,L,C,G,-,V,M,S,D,E,P,T,D,F,I,D,N,P,D,Q,L,A,I,Q,D,Q,M,N,Q,D,I,D,G,C,P,L,S,G,N,P,S,D,V,E,Y,C,V,N,K,M,Q,P,Y,K,D,G,C,V,N,K,N,D,V,H,F,G,T,Y,L,Y,A,C,A,L,A,Y,C,M,G,G,D,D,R,V,E,D,V,I,F,E,Y,A,E,A,C,V,E,P,I,G,R,A,T,C,V,M,N,G,H,T,Y,Y,D,T,F,D,K,T,S,Y,Q,F,Q,A,P,C,K,-,V,L,F,A,K,D,C,T,D,D,D,W,E,V,T,I,T,H,K,A,V,G,E,Y,T,E,V,E,K,V,T,V,R,Y,F,Q,T,L,I,D,L,I,S,E,T,K,K,V,F,V,N,G,T,E,V,S,V,P,Y,N,Y,G,D,T,S,I,Y,M,Y,D,-,N,L,I,T,T,A,V,L,P,G,A,V,V,V,K,Y,N,F,E,Q,M,L,A,L,H,I,R,D,P,Y,E,-,A,D,S,C,G,L,C,G,I,W,D,L,D,K,S,N,E,G,P,D,T,Q,Y,V,D,C,E,P,T,P,N,P,P,T,C,T,A,D,K,E,A,E,A,R,E,L,C,Q,N,M,F,-,-,P,A,S,L,D,D,Q,C,N,I,C,Y,K,A,D,R,V,E,R,C,M,Y,E,Y,C,L,G,G,L,E,G,F,C,Q,H,A,G,T,V,I,D,E,C,F,V,R,H,G,D,D,L,Q,Y,P,P,Q,C,K,-
Maristella_sp_AG_DN382219_c2_g1_i4,M,G,L,K,T,H,S,A,F,V,I,S,R,E,I,R,S,G,I,M,W,L,Q,S,L,L,-,L,L,A,G,I,C,F,C,A,G,Q,D,C,Y,E,F,T,W,A,S,N,D,-,-,-,-,-,-,-,F,P,S,S,C,E,A,I,N,G,R,C,V,D,S,A,C,G,S,C,D,E,V,L,F,G,D,G,L,C,E,N,A,G,G,A,S,P,K,C,C,R,D,C,P,E,I,V,R,C,R,A,S,A,A,G,F,F,H,T,F,Y,G,Q,R,F,N,L,Q,V,P,G,T,Y,L,L,S,E,D,C,V,G,G,L,W,S,L,Y,V,N,L,A,N,I,E,G,E,K,G,A,V,L,D,S,V,K,M,-,V,V,G,D,V,T,L,D,I,K,Q,K,V,G,-,S,I,T,V,N,G,G,S,V,A,I,D,S,N,P,F,S,I,G,D,V,T,I,A,V,V,Y,T,P,Y,F,S,V,S,V,I,E,F,L,K,L,V,T,F,D,I,L,Q,G,R,A,F,R,L,A,P,D,F,L,Y,A,D,R,M,C,G,L,C,G,-,L,M,S,D,V,P,S,D,F,I,D,N,P,D,Q,L,A,I,Q,D,I,M,N,Q,D,V,E,G,C,P,L,S,G,N,P,S,D,V,E,Y,C,L,N,K,M,Q,P,Y,K,D,G,C,I,N,K,N,D,V,H,F,G,T,Y,L,Y,A,C,A,L,A,Y,C,M,G,G,D,D,R,V,E,D,V,I,F,E,Y,A,E,A,C,V,E,P,I,G,R,A,T,C,V,M,N,G,H,T,Y,Y,D,T,F,D,K,T,S,Y,Q,F,Q,A,P,C,K,-,V,L,F,A,K,D,C,T,D,D,E,W,E,V,T,I,T,H,K,A,A,G,E,Y,T,E,V,E,K,V,T,V,R,Y,F,Q,T,L,I,D,L,I,A,E,N,K,K,V,F,V,N,G,T,E,V,S,A,P,Y,N,Y,G,D,T,S,I,Y,M,Y,D,-,N,L,I,T,T,A,V,L,P,G,A,V,V,V,K,Y,N,F,A,Q,M,L,A,L,H,I,R,D,P,Y,E,-,A,D,S,C,G,L,C,G,I,W,D,L,D,K,S,N,D,G,P,D,T,Q,Y,A,D,C,E,P,T,P,N,P,P,T,C,T,A,D,K,E,A,E,A,R,E,L,C,Q,N,M,F,-,-,P,A,S,I,D,D,K,C,N,I,C,Y,K,A,D,R,V,E,R,C,M,Y,E,Y,C,L,G,G,L,E,A,F,C,Q,H,A,G,T,V,I,D,E,C,F,V,R,H,G,D,D,L,Q,Y,P,P,Q,C,K,-
Maristella_sp_IR_DN50846_c6_g1_i1,M,G,L,K,T,H,S,A,F,V,I,S,R,E,I,R,S,G,I,M,W,L,Q,S,L,L,-,L,L,A,G,I,C,F,C,A,G,Q,D,C,Y,E,F,T,W,A,S,N,D,-,-,-,-,-,-,-,F,P,S,S,C,E,A,I,N,G,R,C,V,D,S,A,C,G,S,C,D,E,V,L,F,G,D,G,L,C,E,N,A,G,G,A,S,P,K,C,C,R,D,C,P,E,I,V,R,C,R,A,S,A,A,G,F,F,H,T,F,Y,G,Q,R,F,N,L,Q,V,P,G,T,Y,L,L,S,E,D,C,V,G,G,L,W,S,L,Y,V,N,L,A,N,I,E,G,E,K,G,A,V,L,D,S,V,K,M,-,V,V,G,D,V,T,L,D,I,K,Q,K,V,G,-,S,I,T,V,N,G,G,S,V,A,I,D,S,N,P,F,S,I,G,D,V,T,I,A,V,V,Y,T,P,Y,F,S,V,S,V,I,E,F,L,K,L,V,T,F,D,I,L,Q,G,R,A,F,R,L,A,P,D,F,L,Y,A,D,R,M,C,G,L,C,G,-,L,M,S,D,V,P,S,D,F,I,D,N,P,D,Q,L,A,I,Q,D,I,M,N,Q,D,V,E,G,C,P,L,S,G,N,P,S,D,V,E,Y,C,L,N,K,M,Q,P,Y,K,D,G,C,I,N,K,N,D,V,H,F,G,T,Y,L,Y,A,C,A,L,A,Y,C,M,G,G,D,D,R,V,E,D,V,I,F,E,Y,A,E,A,C,V,E,P,I,G,R,A,T,C,V,M,N,G,H,T,Y,Y,D,T,F,D,K,T,S,Y,Q,F,Q,A,P,C,K,-,V,L,F,A,K,D,C,T,D,D,E,W,E,V,T,I,T,H,K,A,A,G,E,Y,T,E,V,E,K,V,T,V,R,Y,F,Q,T,L,I,D,L,I,A,E,N,K,K,V,F,V,N,G,T,E,V,S,A,P,Y,N,Y,G,D,T,S,I,Y,M,Y,D,-,N,L,I,T,T,A,V,L,P,G,A,V,V,V,K,Y,N,F,A,Q,M,L,A,L,H,I,R,D,P,Y,E,-,A,D,S,C,G,L,C,G,I,W,D,L,D,K,S,N,D,G,P,D,T,Q,Y,A,D,C,E,P,T,P,N,P,P,T,C,T,A,D,K,E,A,E,A,R,E,L,C,Q,N,M,F,-,-,P,A,S,I,D,D,K,C,N,I,C,Y,K,A,D,R,V,E,R,C,M,Y,E,Y,C,L,G,G,L,E,A,F,C,Q,H,A,G,T,V,I,D,E,C,F,V,R,H,G,D,D,L,Q,Y,P,P,Q,C,K,-
Maristella_sp_ODH_DN60908_c36_g8_i1,-,-,-,-,-,-,-,-,-,-,-,-,-,-,-,-,-,-,-,M,W,L,Q,S,L,L,-,L,L,A,G,I,C,F,C,A,G,E,D,C,Y,E,F,T,W,A,S,N,D,-,-,-,-,-,-,-,Y,P,S,S,C,E,A,I,N,G,R,C,V,D,S,T,C,G,S,C,D,Q,V,L,F,G,D,G,L,C,E,N,A,G,G,A,S,P,K,C,C,R,D,C,P,E,I,V,R,C,R,A,S,A,A,G,F,F,H,T,F,Y,G,Q,R,F,N,L,Q,V,P,G,T,Y,L,L,S,E,D,C,V,G,G,L,W,S,L,Y,V,T,L,A,N,I,E,G,E,K,G,A,V,L,D,S,V,K,M,-,V,V,G,D,V,T,L,D,I,K,Q,K,L,G,-,A,I,T,V,N,G,G,S,V,D,I,D,S,N,P,F,S,I,G,D,V,T,I,A,I,V,H,T,P,Y,F,D,V,S,V,I,E,F,L,K,L,V,T,F,D,I,L,Q,G,R,A,F,R,L,A,P,D,F,L,Y,A,D,R,T,C,G,L,C,G,-,L,M,S,D,E,P,S,D,F,I,D,N,P,D,Q,L,A,I,Q,D,L,M,N,Q,D,V,E,G,C,P,L,S,G,N,P,S,D,I,E,Y,C,V,N,K,M,Q,P,Y,K,D,G,C,I,N,K,N,D,V,H,F,G,T,Y,L,Y,A,C,A,L,A,Y,C,M,G,G,D,D,R,V,E,D,V,I,F,E,Y,A,E,A,C,V,E,P,I,G,R,A,T,C,V,M,N,G,H,T,Y,Y,D,T,F,D,K,T,S,Y,Q,F,Q,A,P,C,K,-,V,L,F,A,K,D,C,T,D,D,D,W,E,V,T,I,V,H,K,A,A,G,E,Y,T,E,V,E,K,V,T,V,R,Y,F,Q,T,L,I,D,L,V,A,E,N,K,K,V,F,V,N,G,T,E,V,S,V,P,Y,N,Y,G,D,T,S,I,Y,M,Y,D,-,N,L,I,T,T,A,V,L,P,G,A,V,V,V,K,Y,N,F,A,Q,M,L,A,L,H,I,R,D,P,Y,E,-,A,D,S,C,G,L,C,G,I,W,D,L,D,K,S,N,D,G,P,D,T,Q,Y,V,D,C,E,P,T,P,N,P,P,T,C,T,A,D,K,E,A,E,A,R,E,L,C,Q,N,M,F,-,-,P,A,A,I,D,D,E,C,N,I,C,Y,K,A,D,R,V,E,R,C,M,Y,E,Y,C,L,G,G,L,E,G,F,C,K,H,A,G,T,V,I,D,E,C,F,V,R,H,G,D,D,L,Q,Y,P,P,Q,C,K,-
Maristella_sp_VAD_DN92476_c5_g4_i1,-,-,-,-,-,-,-,-,-,-,-,-,-,-,-,-,-,-,-,M,W,L,Q,S,L,L,-,L,L,A,G,I,C,F,C,A,G,E,D,C,Y,E,F,T,W,A,S,N,D,-,-,-,-,-,-,-,Y,P,S,S,C,E,A,I,N,G,R,C,V,D,S,A,C,G,S,C,D,Q,V,L,F,G,D,G,L,C,E,N,A,G,G,A,S,P,K,C,C,R,D,C,P,E,I,V,R,C,R,A,S,A,A,G,F,F,H,T,F,Y,G,Q,R,F,N,L,Q,V,P,G,T,Y,L,L,S,E,D,C,V,G,G,L,W,S,L,Y,V,N,L,A,N,V,E,G,E,K,G,A,V,L,D,S,V,K,M,-,V,V,G,D,V,T,L,D,I,K,Q,R,L,G,-,Y,I,T,V,N,G,G,A,V,A,I,D,S,N,P,F,S,I,G,D,V,T,I,A,I,V,H,T,P,Y,F,D,V,S,V,I,E,F,L,K,L,V,T,F,D,I,L,Q,G,R,A,F,R,L,A,P,D,F,L,Y,A,D,R,T,C,G,L,C,G,-,L,M,S,D,E,P,S,D,F,I,D,N,P,D,Q,L,A,I,Q,D,L,M,N,Q,D,V,E,G,C,P,L,S,G,N,P,S,D,I,E,Y,C,V,N,K,M,Q,P,Y,K,D,G,C,I,N,K,N,D,V,H,F,G,T,Y,L,Y,A,C,A,L,A,Y,C,M,G,G,D,D,R,V,Q,D,V,I,F,E,Y,A,E,A,C,V,E,P,I,G,R,A,T,C,V,M,N,G,H,T,Y,Y,D,T,F,D,K,T,S,Y,Q,F,Q,A,P,C,K,-,V,L,F,A,K,D,C,T,D,D,E,W,E,V,T,I,V,H,K,A,A,G,E,Y,T,E,V,E,K,V,T,V,R,Y,F,Q,T,L,I,D,L,V,A,E,S,K,K,V,F,V,N,G,T,E,V,S,V,P,Y,N,Y,G,D,T,S,I,Y,M,Y,D,-,N,L,V,T,T,A,V,L,P,G,A,V,V,V,K,Y,N,F,A,Q,M,L,A,L,H,I,R,D,P,Y,E,-,A,D,S,C,G,L,C,G,I,W,D,L,D,K,S,N,D,G,P,D,T,Q,Y,V,D,C,E,P,T,P,N,P,P,T,C,T,A,D,K,E,A,E,A,R,E,L,C,Q,N,M,F,-,-,P,A,S,I,D,D,E,C,D,I,C,Y,K,A,D,R,V,E,R,C,M,Y,E,Y,C,L,G,G,L,E,G,F,C,Q,H,A,G,T,V,I,D,E,C,F,V,R,H,G,D,D,L,Q,Y,P,P,Q,C,K,-
Photeros_annecohenae_DN96747_c10_g3_i3,-,-,-,-,-,-,-,-,-,-,-,-,-,-,-,-,-,-,-,M,W,L,Q,N,L,L,I,L,L,V,G,I,Y,F,S,S,G,E,E,C,A,Q,T,S,L,T,S,L,D,-,-,-,-,-,-,S,V,P,S,S,C,E,A,Q,K,G,V,C,K,D,S,S,C,S,G,C,D,K,A,L,Y,G,D,D,M,C,E,N,S,G,V,A,N,A,K,C,C,R,D,C,P,A,V,V,K,C,R,A,A,A,A,G,Y,F,T,T,F,Y,G,K,R,F,N,F,Q,V,P,G,K,Y,L,L,S,E,D,C,V,G,G,L,W,S,L,Y,V,N,L,A,P,I,E,G,Q,K,G,A,A,L,E,S,V,N,M,-,I,V,G,D,V,T,V,D,I,T,Q,K,G,G,-,P,I,L,V,N,K,G,D,V,P,I,D,S,N,P,F,S,I,G,D,V,T,I,A,I,V,T,P,P,F,S,K,V,S,V,I,E,F,L,R,I,V,T,F,D,I,I,S,G,R,A,F,R,L,A,P,D,F,Y,Y,R,D,R,T,C,G,L,C,G,-,L,M,T,T,E,A,S,D,F,V,N,C,P,D,Q,L,A,I,K,D,Q,I,D,H,D,V,E,G,C,P,L,S,G,N,P,S,D,V,E,Y,C,T,K,Y,L,K,P,H,Q,D,N,C,K,N,G,D,A,I,H,F,A,T,Y,V,Y,A,C,A,L,A,Y,C,M,G,G,D,D,R,A,E,D,V,A,M,D,Y,Q,E,A,C,V,D,P,I,G,R,G,T,C,V,M,S,G,H,T,F,Y,D,T,F,D,K,T,S,F,Q,Y,Q,T,P,C,K,-,V,Q,F,S,K,D,C,I,G,D,D,W,E,V,S,I,T,Y,K,P,K,A,D,Y,T,V,V,D,K,V,T,V,R,Y,F,A,T,L,I,D,L,I,P,E,G,R,Q,V,L,V,N,G,S,A,V,S,V,P,F,N,Y,A,D,T,S,I,Y,M,Y,E,-,N,L,I,T,T,A,V,L,P,G,A,V,V,V,K,Y,N,F,D,Q,M,L,A,L,H,I,R,D,P,Y,E,H,G,R,S,C,G,L,C,G,L,W,D,L,D,N,T,N,D,E,P,Q,R,Q,Y,S,E,C,D,P,T,P,N,P,P,H,C,S,A,E,K,E,A,E,A,R,D,L,C,A,N,M,F,-,-,P,A,N,L,D,D,V,C,N,I,C,Y,N,A,D,R,M,K,R,C,M,Y,E,Y,C,L,N,G,M,E,G,I,C,Q,H,A,N,S,I,L,D,E,C,F,V,R,H,G,D,D,Y,K,V,P,A,I,C,Q,-
Photeros_macelroyi_DN131343_c2_g2_i4,-,-,-,-,-,-,-,-,-,-,-,-,-,-,-,-,-,-,-,M,W,L,Q,N,L,L,I,L,L,V,G,I,Y,F,S,S,G,E,E,C,A,Q,T,S,L,T,S,L,D,-,-,-,-,-,-,S,V,P,S,S,C,E,A,Q,R,G,V,C,K,D,S,S,C,S,G,C,D,K,A,L,Y,G,D,D,M,C,E,N,S,G,I,D,S,A,K,C,C,R,D,C,P,E,V,V,R,C,R,A,A,G,G,G,Y,F,T,T,F,Y,G,K,R,F,N,F,Q,V,P,G,K,Y,L,L,S,E,D,C,V,G,G,L,W,S,L,Y,V,N,L,A,P,I,E,G,Q,K,G,A,A,L,E,S,V,N,M,-,I,V,G,D,V,T,V,D,I,T,Q,K,G,G,-,P,I,V,V,N,K,G,D,V,P,I,D,S,N,P,F,S,I,G,D,V,T,I,A,I,V,T,P,P,F,S,K,V,S,V,I,E,F,L,R,I,V,T,F,D,I,I,S,G,R,A,F,R,L,A,P,D,F,Y,Y,R,D,R,T,C,G,L,C,G,-,L,M,T,T,E,A,S,D,F,V,N,C,P,D,Q,L,A,I,K,D,Q,I,D,Q,D,V,E,G,C,P,L,S,G,N,P,S,D,V,E,Y,C,T,K,Y,L,K,P,H,Q,D,N,C,K,N,G,D,A,I,H,F,A,T,Y,V,Y,A,C,A,L,A,Y,C,M,G,G,D,D,R,A,E,D,V,A,M,D,Y,Q,E,A,C,V,D,P,I,G,R,G,T,C,V,M,S,G,H,T,F,Y,D,T,F,D,K,T,S,F,Q,Y,Q,T,P,C,K,-,V,Q,F,S,K,D,C,I,G,D,D,W,E,V,S,I,T,Y,K,P,K,A,D,Y,T,V,V,D,K,V,T,V,R,Y,F,A,T,L,I,D,L,I,P,E,G,R,Q,V,L,V,N,G,S,A,V,S,V,P,F,N,Y,A,D,T,S,I,Y,M,Y,E,-,N,L,I,T,T,A,V,L,P,G,A,V,V,V,K,Y,N,F,D,Q,M,L,A,L,H,I,R,D,P,Y,E,H,G,R,S,C,G,L,C,G,L,W,D,L,D,N,T,N,D,E,P,Q,R,Q,Y,S,E,C,D,P,T,P,N,P,P,H,C,S,A,E,K,E,A,E,A,R,D,L,C,A,N,M,F,-,-,P,A,N,L,D,D,V,C,N,I,C,Y,N,A,D,R,M,K,R,C,M,Y,E,Y,C,L,N,G,M,E,G,I,C,Q,H,A,N,S,I,L,D,E,C,F,V,R,H,G,D,D,Y,K,V,P,A,I,C,Q,-
Photeros_sp_WLU_DN218316_c2_g1_i3,-,-,-,-,-,-,-,-,-,-,-,-,-,-,-,-,-,-,-,M,W,L,Q,N,L,L,I,L,L,V,G,I,Y,F,S,S,G,E,E,C,A,Q,T,S,P,T,Y,L,D,-,-,-,-,-,-,S,V,P,S,S,C,E,A,Q,R,G,V,C,K,D,S,S,C,S,G,C,D,K,A,L,Y,G,D,D,M,C,E,N,S,G,V,A,N,A,K,C,C,R,D,C,P,E,V,V,R,C,R,A,A,G,A,G,Y,F,T,T,F,Y,G,K,R,F,N,F,Q,V,P,G,K,Y,L,L,S,E,D,C,V,G,G,L,W,S,L,Y,V,N,L,A,P,I,E,G,Q,K,G,A,A,L,E,S,V,N,M,-,I,V,G,D,V,T,V,D,I,T,Q,K,G,G,-,P,I,V,V,N,K,G,D,V,P,I,D,S,N,P,F,S,I,G,D,V,T,I,A,V,V,T,P,P,F,S,H,V,S,V,I,E,F,R,R,I,V,T,F,D,I,I,S,G,R,A,F,R,L,A,P,D,F,Y,Y,R,D,R,T,C,G,L,C,G,-,L,M,T,T,E,A,S,D,F,V,N,N,P,D,Q,L,A,I,K,D,Q,I,D,Q,D,V,E,G,C,P,L,S,G,N,P,S,D,V,E,Y,C,T,K,Y,L,K,P,H,Q,D,N,C,N,N,G,D,A,I,H,F,A,T,Y,V,Y,A,C,A,L,A,Y,C,M,G,G,D,D,R,A,E,D,V,A,M,D,Y,Q,E,A,C,V,D,P,I,G,R,G,T,C,V,M,S,G,H,T,F,Y,D,T,F,D,K,T,S,F,Q,Y,Q,A,P,C,K,-,V,Q,F,S,K,D,C,I,G,D,D,W,E,V,S,I,T,Y,K,P,K,A,D,Y,T,V,V,D,K,V,T,V,R,Y,F,A,T,L,I,D,L,I,P,E,G,R,Q,V,L,V,N,G,S,A,V,S,V,P,F,N,Y,A,D,T,S,V,Y,M,Y,E,-,N,L,I,T,T,A,V,L,P,G,A,V,V,V,K,Y,N,F,D,Q,M,L,A,L,H,I,R,D,P,Y,E,H,G,R,S,C,G,L,C,G,L,W,D,L,D,N,T,N,D,E,P,Q,R,Q,Y,S,E,C,D,P,T,P,N,P,P,H,C,S,A,E,K,E,A,E,A,R,D,L,C,A,N,M,F,-,-,P,A,N,L,D,D,V,C,N,I,C,Y,N,A,D,R,M,K,R,C,M,Y,E,Y,C,L,N,G,K,E,G,I,C,Q,H,A,T,S,I,L,D,E,C,F,V,R,H,G,D,D,Y,K,V,P,A,I,C,Q,-
